16.1,22.95,31.76
15.98,22.78,31.32
16.1,22.94,31.81
16.31,23.05,32.26
16.29,23.32,32.97
16.32,23.12,32.54
16.27,23.01,32.42
16.56,23.33,32.82
16.63,23.23,32.69
16.96,23.54,33.16
16.87,23.56,33.52
16.86,23.17,33
16.3,22.76,31.86
15.79,22.2,30.92
16.08,22.29,30.98
15.39,21.79,30.14
15.44,21.47,29.51
15.31,21.55,29.68
14.81,21.35,29.36
15.09,21.37,29.51
14.84,21.15,29.11
15.11,21.99,30.23
15.25,22.2,30.48
15.15,22.1,30.01
14.96,22.38,30.72
14.87,22.38,30.79
15.11,22.6,31.37
14.88,22.09,30.25
14.52,21.86,30.03
14.36,21.44,28.96
14.08,21.04,28.97
14.33,21.32,28.85
14.19,21.02,27.95
13.34,20.23,27.06
13.75,20.41,27.72
14.29,21,28.97
14.11,20.78,28.77
13.86,20.32,27.76
13.85,20.29,27.66
14.23,20.82,28.31
14.19,20.66,28.46
14.18,20.78,29.04
14.22,21.09,29.4
14.11,20.95,29.39
14.05,20.93,29.75
14.86,21.63,30.86
14.91,21.83,31
15.05,22.07,31.52
14.79,21.89,31.43
15.03,21.82,31.39
15.34,21.82,31.04
15.32,21.64,30.93
15.34,21.8,31.36
15.05,21.67,31.28
14.87,21.38,30.87
14.45,21.41,31.19
14.41,21,30.2
14.32,21.06,30.22
14.66,21.42,30.63
14.59,21.09,29.76
14.48,20.93,29.21
14.91,21.29,30.12
14.88,21.56,30.76
14.78,21.9,31.33
15.06,21.6,31.18
15.29,21.83,31.22
15.12,21.86,31.75
15.04,21.98,31.86
14.99,22.24,32.02
14.95,22.23,31.8
14.97,22.16,31.46
14.88,22.19,31.65
15.05,22.41,31.52
14.94,22.43,31.74
15.01,22.26,31.55
14.86,22.28,31.38
14.91,22.01,30.78
15.21,22.36,31.04
15.27,22.53,31
15.33,22.45,30.76
15.32,22.4,31.04
15.55,22.82,31.43
15.42,23.01,31.61
15.33,23.04,31.17
15.03,22.85,31.3
15.11,22.87,31.5
15.25,22.94,31.08
15.56,22.88,30.92
15.56,22.82,30.52
15.7,22.83,30.47
15.81,23.05,30.87
16.17,23.03,31.16
15.72,22.63,30.35
15.5,22.32,30.07
15.47,22.08,29.44
14.94,21.54,28.27
15,21.62,28.11
15.17,21.81,28.8
15.21,21.58,28.12
15.18,21.6,28.06
15.44,21.92,28.76
15.09,21.58,28.23
15.07,21.41,27.54
14.99,21.6,28.04
14.74,21.51,27.8
15,21.59,27.74
15.02,21.81,28.34
15.31,22.12,28.86
15.33,22.26,28.81
15.36,22.08,28.93
15.54,22.01,28.59
15.3,21.33,27.46
15.54,21.47,27.71
15.8,21.79,28.29
15.6,21.68,28.3
15.65,21.66,28.1
15.73,21.65,28.47
15.78,21.24,28.07
16.15,21.49,28.6
16.16,21.87,29.13
16.4,22.24,29.82
16.05,21.96,29.55
16.26,21.94,29.26
16.37,22.37,30.01
16.66,22.4,29.72
16.58,22.5,29.73
16.61,22.72,30.2
16.69,23.04,30.75
17.16,23.18,30.68
16.86,22.82,30.33
17.41,22.89,29.88
17.18,23.22,30.2
17.56,22.49,29.89
17.29,22.88,29.98
17.41,23.03,30.57
17.66,23.24,30.9
17.86,23.18,30.63
17.47,23.34,31.12
17.43,23.49,31.48
17.34,23.28,31.02
17.12,23.1,30.94
17.38,23.1,31
17.22,23.31,31.37
17.06,23.1,30.48
17.24,23.07,30.74
16.86,23.17,30.82
17.2,23.52,31.33
17.57,23.57,31.35
17.7,23.86,31.4
17.42,23.64,31.15
17.86,23.66,31.63
17.98,23.82,32.49
18.18,23.85,32.76
17.81,23.85,32.9
18.15,24.14,32.88
18.03,24.25,33.02
18.16,24.1,32.91
18,24.05,32.82
17.7,24.06,32.82
17.98,24.02,32.75
18.01,23.93,32.63
18.19,23.89,32.9
18.56,24.12,33.4
18.38,23.73,33.03
18.31,23.49,32.06
18.32,23.62,32.57
18.52,23.51,32.12
18.39,23.2,31.87
18.47,23.12,31.61
18.53,22.97,31.62
18.91,23.35,31.99
18.99,23.43,32.1
18.75,23.4,31.89
18.79,22.83,30.66
18.35,22.43,29.92
17.97,22.35,30.15
18.1,22.19,30.24
18.23,22.24,29.89
18.07,22.21,29.54
18.28,22.32,29.31
18.67,22.86,30.24
18.63,22.52,29.91
18.61,22.78,30.19
18.75,22.51,29.91
19.06,22.85,30.62
19.01,22.57,30.49
19.51,23.06,31.32
19.31,23.31,31.52
18.77,23.05,30.92
18.78,23.23,31.06
18.79,23.06,30.87
19.2,23.33,31.54
19.17,23.42,31.69
19.11,23.6,31.99
19.11,23.44,31.96
19.22,23.55,31.9
19.48,23.63,31.91
19.64,23.52,31.69
19.78,23.65,32.01
19.63,23.61,31.88
19.48,23.51,31.51
19.94,23.98,32.09
20.2,24.03,32.14
20.18,24.26,31.94
20.24,24.29,31.97
20.38,24.1,31.66
20.37,24.38,32.02
20.54,24.3,32.35
20.96,24.36,32.43
21,24.5,32.69
19.71,23.57,31.36
19.85,23.57,31.44
19.75,23.33,31.39
19.67,22.96,30.75
18.25,22.7,30.3
19.68,23.05,30.99
19.42,23.23,31.37
19.52,23.35,31.56
19.5,23.56,31.59
20.09,23.49,31.52
19.41,22.94,30.96
19.82,23.02,31.23
20.25,23.14,31.31
20.09,23.08,31.03
20.46,23.31,31.68
20.79,23.68,31.84
21.02,24.11,32.42
21.12,24.04,32.83
21,24.18,33.02
21.62,24.26,33.15
21.06,24.19,33.17
20.73,24.09,33.14
20.97,24.3,33.42
21.2,24.23,33.03
21.26,24.43,33.39
21.73,24.73,33.56
21.95,24.66,33.75
22.08,24.84,33.87
22.07,24.88,33.82
22.6,24.83,34.32
22.36,25,34.26
22.78,25.34,34.69
22.81,25.42,34.92
23.02,25.83,35.12
23.1,25.67,34.9
23.11,25.8,34.75
22.83,25.48,34.31
22.96,25.85,34.77
22.87,25.77,34.83
22.45,25.67,34.69
22.96,26.1,35.38
22.7,25.73,35.29
22.62,25.96,35.33
22.34,25.83,34.86
22.38,25.58,34.92
22.91,26.04,35.29
22.83,26.26,35.69
23.11,26.45,35.82
23.1,26.81,36.08
23.03,26.78,36.07
23.5,26.77,36.04
23.05,26.48,35.42
23.47,26.91,36.18
23.35,26.81,36.22
23.31,27.15,36.24
23.05,27.21,36.35
23.24,27.58,36.88
23.34,27.81,37.39
23.25,27.96,37.8
23.04,27.76,37.44
23.2,27.71,37.62
22.35,27.53,36.86
22.9,27.88,37.4
22.84,27.89,37.19
22.83,28.15,37.86
23.15,28.18,37.83
23.44,28.54,38.27
23.71,28.62,38.8
23.75,28.5,38.62
23.35,28.11,38.02
23.16,27.41,37.21
23.43,27.73,37.56
23.6,27.6,37.78
22.92,27.44,37.34
23.27,27.88,38.13
23.35,28.21,38.81
23.75,28.66,39.32
23.88,28.74,39.41
24.24,28.5,39.4
24.2,28.06,38.34
24.27,28.13,39.11
24.1,27.91,38.75
24.3,27.65,38.19
23.8,27.23,37.56
23.25,27.47,37.96
23.74,27.83,37.84
23.72,27.94,38.07
24.37,28.31,38.77
24.27,28.4,38.96
24.6,28.62,39.02
24.7,28.92,39.39
24.94,28.98,39.83
24.57,28.8,39.61
24.6,28.83,39.69
25.1,29.51,40.53
25.18,29.78,40.94
25.22,29.58,40.27
25.12,29.68,39.96
25.09,30.08,40.75
25.45,30.27,41.15
25.38,30,40.89
25.6,29.78,40.75
25.24,29.26,39.68
25.35,29.19,40
23.73,28.24,38.66
22.75,27.78,37.95
23.38,27.91,38.38
23.29,27.94,38.22
22.79,27.67,37.91
23.05,28.26,37.82
22.05,27.68,36.36
22.73,27.54,36.49
22.97,27.61,37.19
23.74,28.28,38.11
22.54,27.37,36.9
22.6,27.45,37.23
22.66,27.38,37.14
21.62,26.63,36.61
20.46,25.95,35.53
19.39,25.6,35.22
20.18,26.5,36.13
21.1,26.76,36.29
21,26.87,35.96
21.85,27.36,36.58
22.67,27.56,36.87
23.1,27.85,37.56
22.9,27.58,37.22
22.08,26.82,36.2
23.03,27.92,37.34
22.37,27.5,37.24
23.19,27.98,37.79
23.72,28.37,38.65
22.85,28.15,38.52
23.59,28.32,39
23.06,28.05,38.56
23.09,27.92,38.3
24.12,28.39,38.94
23.8,28.76,39.17
24.14,28.98,39.55
24.19,29.17,39.66
23.66,29.16,39.55
24.59,30.01,40.9
25.24,29.84,41.02
25.27,30.02,41.25
25.45,30.24,41.47
25.78,30.25,41.28
26.21,30.35,40.82
26.55,30.45,40.85
26.8,30.75,41.28
27.04,30.81,41.1
27.84,31.23,41.65
27.51,30.97,41.35
27.38,30.64,40.92
27.34,31.03,41.19
27.89,31.66,41.5
27.45,31.51,41.02
28.31,31.67,41.77
28.27,31.85,42.17
28.5,31.8,42.24
28.73,32.31,42.47
28.25,31.81,42.96
27.58,31.5,42.82
27.67,31.88,42.72
28.35,32.55,43.08
27.08,31.64,41.28
27.17,31.73,40.84
28.02,31.86,41.44
28.11,31.9,41.61
28.2,31.98,42.12
29.17,32.62,42.73
29.57,33.23,43.07
29.09,32.89,41.81
29.96,34.16,42.96
28.63,33.21,41.96
28.99,33.99,42.72
28.25,33.73,42.35
28.92,34.5,43.54
28.36,33.63,42.35
28.65,33.08,42.64
27.46,32.32,41.86
26.01,30.75,39.81
27.49,31.54,40.62
27.5,31.34,40.73
26.51,29.98,39.58
26.89,30.41,40.2
26.09,29.6,39.46
26.65,30.09,40.44
25.44,29.29,39.66
25.81,29.93,40.37
25.35,30.01,39.57
25.9,29.5,39.04
26.9,30.38,39.82
26.61,30.49,40.15
26.89,29.99,40.15
26.76,29.88,40.43
26.34,29.28,40
26.73,29.69,40.68
27.33,30.02,41.81
27.01,30.15,41.89
27.62,30.35,42.2
26.77,29.48,41.02
27.15,29.79,42.05
26.92,29.53,42.04
25.57,29.36,41.43
24.45,29.11,40.32
24.59,29.08,40.93
24.45,29.25,41.21
24.48,29.38,41.68
25.25,30.04,42.79
25.53,30.57,43.07
25.56,30.69,43.54
25.37,30.67,43.41
25.65,31.01,43.54
25.35,30.58,42.98
25.31,30.87,43.67
25.45,31.01,44.1
24.62,30.2,42.7
24.55,29.75,42.17
24.3,29.56,41.72
24.65,29.64,42.18
25.07,29.77,42.05
24.2,29.27,41.53
24.67,29.54,42.34
23.53,28.7,40.78
23.17,27.88,39.24
22.24,27.03,37.56
22.62,27,37.64
21.39,26.83,36.8
21.43,27.12,36.68
22.48,28.05,38.18
23.32,28.11,37.87
23.78,28.05,38.61
23.39,28.67,38.87
22.73,28.72,38.76
23.41,28.75,38.66
24.96,29.39,39.38
24.3,28.87,39.47
22.99,28.23,37.95
22.8,28.31,37.21
22.78,28.03,37.75
22.76,28.51,38.48
22.91,28.82,39.46
23.27,28.76,39.18
22.79,29.3,40.26
22.86,29.05,40.1
23.26,28.85,39.94
23.37,29.04,41.1
23.05,29.5,41.73
22.98,29.48,40.9
23.36,29.64,41.47
24.21,30.42,42.44
24.48,31,43.23
24.75,31,42.96
24.34,31.42,43.79
23.07,30.48,42.41
23.35,30.24,42.85
22.61,29.87,42.14
23.13,30.48,43.24
22.34,29.84,42.27
21.75,29.5,41.45
21.26,28.72,40.64
22.29,29.6,42.33
22.17,29.61,41.76
22.4,30.11,42.64
21.81,29.69,42.05
21.24,28.6,40.41
21.89,29.16,41.68
21.44,27.49,39.05
21.37,27.49,38.93
22.05,28.17,39.5
22.05,28.91,40.22
22.56,28.97,41.11
22.38,28.97,40.83
22.31,28.73,40.69
22.29,28.78,40.76
22.92,29.15,41.31
23.23,29.57,42
23.79,29.98,42.19
24.12,30.09,42.78
24.2,30.1,42.88
24.21,30.15,43.17
23.54,30.05,43.4
23.47,30.38,43.52
23.03,29.71,42.8
22.8,29.95,43.52
23.33,30.24,44.05
24.42,31.44,45.53
23.91,31.21,45.42
23.9,31.62,46.28
24.71,31.87,46.69
24.39,31.9,46.56
24.92,30.98,45.9
24.46,30.8,44.77
24.46,31.12,45.56
24.3,31.1,45.44
23.99,30.46,44.34
24.31,30.93,44.67
24.49,30.83,43.9
24.96,31.37,44.69
25.14,31.51,45.44
25.37,32.22,46.67
24.39,31.96,46.2
25.15,32.22,47.28
25.32,32.4,47.08
26.05,32.92,47.13
25.79,32.74,47.7
25.96,32.73,47.15
26.41,33.34,48.06
26.85,33.79,49.5
26.72,33.86,49.97
26.28,34.22,50.67
26,33.81,49.91
26.17,33.88,49.37
25.66,33.6,48.61
25.8,32.91,48.03
25.66,33.44,48.87
25.54,33.15,47.69
25.8,33.48,48.22
25.37,33.38,48.43
24.71,32.87,47.72
24.6,32.62,46.96
25.13,33.36,49.04
24.55,33.13,48.66
24.23,33.09,49.66
23.85,32.43,48.3
23.61,32.69,48.7
23.18,32.19,47.8
23.62,32.44,48.19
23.39,33,48.54
23.86,33.48,49.46
23.78,33.45,49.69
23.92,32.86,48.5
23.16,32.28,48.08
23.26,32.53,49.74
23.28,32.07,48.77
23.48,31.93,48.38
23.07,31.57,48.23
23.43,31.71,48.72
23,31.62,49.43
22.51,31.71,49.73
22.1,31,47.77
22.08,30.76,47.31
21.85,30.29,46.15
22,30.41,45.41
21.65,30.13,44.52
22.1,30.5,46.01
21.79,30.34,46.04
21.98,30.51,46.62
21.5,29.63,44.72
22.15,30.13,43.9
22.2,29.93,42.87
22.02,30.09,43.3
22.75,30.6,44.57
22.75,30.33,43.26
22.99,29.99,41.42
22.41,29.03,40.96
22.23,29.33,41.39
21.29,29.01,41.36
21.51,29.11,40.86
21.7,30,43.09
21.41,29.82,41.73
20.72,29.27,41.6
20.49,28.27,39.25
20.7,28.37,39.23
20.9,28.72,40.43
20.48,28.3,39.73
20.51,27.82,39.05
20.42,27.64,38.73
20.14,27.56,38.76
19.87,28.02,40.31
19.72,28.06,39.69
19.59,27.59,38.82
19.56,27.44,38.45
19.28,27.44,39.54
19.8,28.09,40.87
19.81,28.97,42.05
19.84,28.71,41.2
19.51,28.23,40.64
19.57,28.29,41.3
19.87,28.88,42.03
20.49,29.21,41.64
20.35,28.85,41.21
19.77,27.77,38.92
19.52,27.56,38.5
18.2,26.59,37.52
18.12,26.81,37.58
18.92,26.45,36.86
17.6,25.17,34.11
17.98,25.91,35.42
17.77,26.33,35.99
18.79,26.88,37.29
17.19,25.43,34.67
17.47,25.59,35.46
16.27,24.78,34.73
17.27,25.44,35.73
18.82,27.48,38.58
19.21,27.6,38.15
18.96,27.34,37.19
19.23,27.18,37.12
19.56,27.13,37.62
19.13,26.24,36.72
16.33,24.27,33.1
17.07,24.81,34.32
17.28,24.62,33.47
16.13,22.48,30.43
16.01,22,30.17
13.64,20.8,28.54
13.55,19.51,26.5
12.49,20.02,26.69
12.07,18.39,24.33
10.94,17.32,22.14
13.93,19.65,26.06
13.11,18.86,25.97
11.46,17.22,21.53
12.49,17.27,22.65
11.63,17.54,22.99
13.24,18.76,25.84
12.21,17.65,24.29
11.09,16.02,21.62
11.14,16.13,22.46
9.77,15.66,21.54
9.23,14.26,19.9
10.93,15.66,22.4
10.88,16.6,23.39
11.77,17.72,25.03
11.52,17.65,25.15
12.33,18.04,24.39
13.63,19.54,26.59
12.76,18.65,25.21
11.42,17.68,23.44
12.08,17.68,24.48
11.36,17.79,24.64
10.81,17.08,23.56
9.88,15.54,21.48
11.05,16.83,24.1
9.89,16,22.85
9.42,15.61,22.21
9.41,15.5,23.07
8.45,14.73,21.35
7.49,12.94,18.47
8.9,13.67,21.04
9.41,14.65,22.68
10.01,14.95,23.18
10.05,15.22,24.8
10.19,15.58,24.49
9.03,14.81,21.72
9.58,14.5,22.4
9.76,14.45,22.3
9.08,13.73,20.6
9.45,13.91,20.84
10.37,14.79,22.33
9.66,14.52,22.44
9.96,14.79,23.84
9.88,14.86,23.76
9.92,14.93,23.53
9.91,14.97,23.62
10.87,15.83,24.6
10.63,15.77,24.42
9.98,15.29,22.78
10.24,15.27,22.96
10.19,14.81,22.01
10.01,15.08,21.98
10.29,15.01,21.96
10.54,14.98,22.49
10.36,15.48,23.1
10.81,15.88,23.49
11.43,16.22,23.85
11.58,16.67,25.1
11.39,17.21,25.66
11.83,17.67,26.25
11.27,16.91,24.79
11.38,17.3,25.31
10.92,16.83,24.3
10.42,15.94,23.16
10.17,16.1,23.68
9.72,15.31,22.46
9.93,15.51,22.7
9.99,15.73,23
8.93,14.54,21.57
9.59,15.26,23.02
9.22,14.74,22.26
9.01,15.28,23.33
9.08,15.44,23.71
9.41,15.66,23.62
9.84,16.16,24.33
9.2,15.71,23.62
9.03,15.49,23.13
9.08,15.16,22.65
9.51,15.36,23.03
9.13,15.45,23.32
9.45,15.89,23.98
10.09,16.25,24.49
10.11,16.39,24.65
9.13,15.57,23.48
9.48,15.5,23.35
9.56,15.51,23.44
9.67,15.37,23.3
8.83,14.31,21.87
8.89,14.15,21.68
9.01,14.08,21.55
9,13.85,21.07
8.61,13.2,19.95
9.16,13.68,20.72
8.84,13.68,20.65
8.81,14.14,20.83
8.64,13.88,20.52
8.01,12.76,18.73
8.2,12.77,19.03
8.65,13.29,19.98
8.1,12.81,19.31
8.19,12.82,19.4
7.93,12.58,19.41
8.73,13.38,20.17
8.81,13.6,20.3
9.07,14.24,20.99
9.34,14.27,20.89
9.39,14.53,21.16
9.94,14.85,21.86
10.13,15.33,22.31
10.36,15.62,23.24
10.27,15.13,22.34
11.12,16.25,24.05
10.81,15.94,23.47
11.05,15.93,23.66
11.43,16.3,23.95
11.02,15.85,23.15
10.37,14.99,22.14
10.81,15.25,22.15
11.04,15.78,22.73
11.83,16.2,23.55
11.98,16.53,23.93
11.74,16.34,23.35
11.4,15.86,22.65
11.3,16.03,22.99
11.84,16.8,23.8
12.12,17.05,23.81
11.92,16.87,23.52
12.16,17.18,23.7
12.2,17.32,23.77
12.13,17.43,23.99
11.15,16.47,22.73
11.57,16.75,23.23
11.29,16.75,23.09
11.82,17.28,23.7
12.01,17.72,24.52
11.62,17.24,24
11.41,17.08,23.79
12.02,17.6,24.54
12.11,17.53,24.23
12.23,18.14,25.14
13.06,19.03,26.51
12.91,19.03,26.18
13.22,19.73,27.3
13.11,19.19,26.8
13.8,20.14,28.22
13.17,19.71,27.44
13.3,19.75,27.45
12.5,18.61,26.29
12.72,19.11,26.49
12.43,18.8,25.91
13.07,19.68,26.81
13.36,19.8,27.13
13.37,20.44,27.61
13.08,19.93,26.79
13.23,20.3,26.98
13.66,20.98,27.67
13.1,20.72,27.31
13.24,21.36,28.36
13.89,21.89,29.05
14.58,22.29,30.02
14.87,22.43,29.91
14.4,21.34,28.4
14.32,21.88,29.09
14.27,21.57,28.8
14.03,21.56,28.78
14.44,21.87,29.06
14.77,21.8,29.09
15.27,22.16,29.83
15.07,21.82,29.3
14.28,20.91,28.28
14.14,20.7,27.68
13.9,20.23,26.99
14.14,20.26,26.95
14.23,20.56,26.77
13.53,19.35,25.19
13.5,19.45,25.51
13.78,19.92,25.81
14.14,20.48,26.62
14.28,20.46,27.29
14.44,20.73,26.59
14.27,20.3,26.41
14.34,20.61,26.46
13.69,20.14,25.51
13.59,19.73,24.89
13.12,19.18,24.29
13.02,18.75,24.13
13.22,19.12,24.54
13.19,18.91,24.38
13.32,19.41,24.89
13.88,20,25.37
14.69,20.92,26.43
14.82,21.11,26.75
14.75,21.29,27.03
15.28,21.82,27.68
15.19,21.72,27.85
15.16,21.82,27.65
15.5,22.57,28.49
15.45,22.7,28.73
15.69,22.87,28.73
15.76,22.46,28.19
15.5,22.03,27.42
16.08,22.64,28.01
16.4,23.08,28.43
16.91,23.72,29.56
16.9,23.59,29.36
16.73,23.63,29.09
16.85,23.05,28.74
16.94,23,28.77
16.72,22.73,28.67
16.55,22.07,28.15
17,22.4,28.55
17.59,22.74,29.1
17.08,22.5,28.51
16.59,21.65,27.47
16.94,21.98,27.91
17.03,22.21,28.33
16.97,22.39,28.58
16.96,22.81,29.51
17.38,22.83,29.61
17.4,22.95,29.23
17.21,22.8,29.13
17.63,23.07,29.2
17.84,23.03,29.32
17.74,22.66,28.64
17.32,22.05,28.01
17.27,22.07,28.17
17.66,22.72,28.56
18,23.13,29.1
18.59,23.5,29.85
18.66,23.33,29.81
18.94,23.68,30.5
18.9,23.89,30.86
18.79,24.04,31.03
18.79,24.65,31.6
19.79,24.93,32.37
19.5,24.83,32.06
19.52,24.78,31.86
19.29,24.32,31.53
19.68,24.92,32.16
19.64,24.58,31.43
19.26,23.81,30.67
19.47,23.56,30.55
19.83,23.93,31.08
19.93,24.04,31.17
20.07,24.36,31.08
19.25,23.3,29.93
18.91,23.16,29.77
19.34,23.71,30.61
19.83,24.24,31.54
20.1,24.41,31.77
20.95,24.93,32.67
20.84,24.99,32.71
20.91,25.21,33.09
20.9,25.16,33.18
21.62,25.68,33.75
21.79,25.44,34.2
21.51,25.38,34.08
21.84,25.67,34.53
21.58,25.13,34.12
21.56,24.95,34.01
21.88,25.15,34.08
21.62,24.72,33.34
21.28,23.99,32.52
20.99,23.59,32.52
19.93,22.75,31.19
20.39,23.53,32.36
19.4,22.73,30.93
19.75,22.83,31.21
19.6,23.34,31.89
19.78,23.52,31.95
20,23.8,32.47
20.4,23.78,32.44
21.43,24.8,33.45
21.5,24.78,33.43
21.6,24.89,33.43
21.12,24.46,32.63
21.58,24.75,32.91
21.97,24.99,33.77
21.6,25.26,33.76
21.49,25.2,33.57
20.99,24.8,32.86
20.77,24.65,32.5
21.26,25.13,33.02
20.88,24.9,33.07
21.46,25.36,33.6
20.29,24.57,33.19
20.8,24.79,32.71
21.37,25.61,33.32
21.35,25.62,33.33
21.09,25.13,32.27
20.99,24.79,32.26
20.6,24.86,32.11
20.14,24.28,31.32
20.28,24.55,31.62
20.54,24.76,32.03
20.43,24.49,31.96
20.64,24.89,32.54
20.3,24.77,32.59
20.21,25.02,32.96
19.86,24.47,32.37
20,24.58,32.53
19.74,24.73,32.92
19.86,25.06,33.12
20.16,25.39,33.6
20.61,25.5,33.74
20.66,25.62,33.76
20.89,25.57,33.55
20.88,25.31,33.39
20.92,25.45,33.2
21.8,26.04,34.34
21.87,26.19,34.7
21.96,26.4,35.16
21.85,26.31,34.97
22.13,26.45,35.29
22.37,26.37,35.21
21.57,25.89,34.39
21.93,26.16,34.83
22.23,26.24,34.75
21.72,25.84,34.28
22.07,25.87,34.78
21.36,25.26,33.84
20.58,24.72,32.98
20.12,24.2,32.24
20.46,24.27,32.5
20.06,24.19,32.09
19.96,24.07,31.96
19.76,23.81,31.61
19.18,23.56,30.9
19.69,24.02,32.18
19.84,24.32,32.51
19.57,24.21,32.11
18.55,23.45,30.69
18.67,23.63,30.97
18.54,23.37,30.48
19.14,23.85,31.29
19.01,24.04,31.12
19.74,24.61,31.85
19.36,24.62,31.81
20.22,25.2,32.76
20.46,25.23,32.61
20.63,25.54,32.98
20.46,25.56,33.06
20.76,25.4,32.47
20.3,24.74,31.77
20.42,24.84,31.96
19.9,24.95,32.05
20.22,25.03,32.3
20.85,25.56,32.73
20.97,25.95,33.12
21.23,26.15,33.28
21.1,26.07,32.92
21.69,26.48,33.68
21.56,26.54,33.52
21.8,26.48,33.52
21.88,26.53,33.69
21.81,26.63,33.69
21.8,26.81,33.79
21.55,26.77,33.25
21.97,27.17,33.84
22.24,27.31,34.18
22.06,27.04,33.58
21.83,26.85,33.1
21.99,26.79,33.09
22.33,27.04,33.31
21.84,26.59,32.9
21.9,26.64,32.28
21.91,26.6,32.31
22.3,26.94,33.04
22.34,27.03,33.13
22.09,27.03,33.34
22.55,27.54,34.14
22.7,27.75,34.84
22.86,27.73,34.82
22.68,27.49,34.58
22.67,27.58,34.81
22.87,27.74,35.09
22.79,27.69,35.08
22.74,27.6,34.92
23.2,27.9,35.32
23.15,27.86,35.27
22.56,27.19,34.51
22.4,27.23,34.44
22.75,27.76,35.2
22.63,27.69,35.13
22.46,27.77,35.26
22.37,27.89,36.07
22.32,27.97,35.99
21.43,27.16,34.9
21.83,27.23,35.33
22.04,27.74,35.54
21.52,27.35,35.15
21.81,27.58,35.41
20.57,26.75,34.44
20.38,26.26,33.73
18.89,25.51,32.55
18.92,25.48,32.07
20.51,26.63,33.63
20,26.79,33.64
20.16,27.28,34.19
20.03,26.98,33.82
19.29,26.48,33.19
19.08,26.16,32.75
18.52,25.93,32.45
17.81,25.61,31.91
16.55,24.32,30.4
17.37,24.8,31.01
17.33,24.5,30.36
17.18,24.55,30.62
17.02,24.59,30.57
18.32,25.51,32.01
18.19,25.29,31.49
17.56,24.98,30.21
18.14,25.84,31.68
18.2,25.79,31.87
17.16,24.82,30.65
16.73,24.6,30.37
17.51,25.03,30.93
17.56,24.91,30.66
18.6,25.71,32.13
18.71,25.71,32.37
18.86,25.78,32.2
19.31,26.5,33.13
19.17,26.55,33.14
19.12,26.55,33.13
19.31,26.74,33.43
19.54,26.63,33.21
19.14,26.2,32.27
19.03,25.77,32.13
18.61,25.32,31.4
18.73,25.55,31.78
18.45,25.37,31.31
17.49,24.15,30.13
17.27,23.99,29.91
17.28,23.73,29.66
17.27,23.73,29.55
17.57,23.94,29.77
18.17,24.56,30.87
18.64,24.77,31.2
18.79,25.33,31.53
18.65,25.26,31.36
18.91,25.56,31.83
19.02,25.43,31.66
19,25.59,31.65
18.33,24.8,30.66
18.39,24.7,30.84
19.08,25.18,31.59
18.61,24.77,31.18
19.25,25.35,31.96
19.6,25.51,32.11
19.9,25.7,32.4
19.82,25.56,32.02
19.67,25.46,31.87
19.85,25.64,31.91
19.84,25.78,31.97
20.55,26.26,32.99
20.31,26.11,32.91
20.54,26.35,33.19
20.37,26.21,33.22
20.36,26,32.95
20.57,26.1,33.05
20.18,25.95,32.83
19.18,25.02,31.67
19.13,24.92,31.62
19.29,24.89,31.44
19.52,24.85,31.52
19.9,25.58,32.16
19.75,25.8,32.03
19.33,25.43,31.48
19.39,25.21,31.13
19.19,25.06,31
18.7,24.55,30.44
18.65,24.69,30.45
18.74,24.76,30.34
19.46,25.44,31.22
19.31,25.33,30.84
19.35,25.22,30.77
20.52,25.76,31.79
20.54,25.98,32.13
20.71,26.35,32.48
20.51,26.13,32.05
20.72,26.24,32.25
21.04,26.31,32.22
20.99,26.36,32.54
21.52,26.73,32.87
21.71,26.81,32.86
21.7,26.72,32.77
21.49,26.79,32.72
21.41,26.66,32.58
21.93,26.9,33.06
21.83,26.83,33.02
21.85,26.61,32.88
21.62,26.42,32.61
22.24,26.92,33.33
22.27,26.78,33.18
22.67,26.93,33.52
22.42,27.01,33.81
22.03,27.15,33.81
22.28,27.45,34.29
22.07,27.27,33.8
22.61,27.84,34.72
22.82,28.02,35.03
22.76,27.67,34.68
23.15,28.03,35.22
23.02,28.12,35.28
22.8,28.13,35.25
22.97,28.52,35.82
23.18,28.39,35.68
23.13,28.2,35.63
23.05,28.13,35.8
22.2,27.53,34.69
22.76,27.93,35.13
22.49,27.76,34.92
22.63,27.71,35.14
23.17,28,35.38
22.95,27.93,35.4
22.5,27.59,35.14
22.75,27.72,35.21
22.76,28.04,35.37
22.93,28.15,35.51
23.47,28.34,35.95
23.68,28.4,35.95
24.53,29.05,37.29
24.56,29.13,37.45
24.31,29.27,37.76
23.75,28.97,37.47
23.86,29.18,38.01
23.57,29.08,38.36
23.08,28.51,37.65
23.1,28.49,37.41
22.61,27.77,36.54
22.61,27.84,36.68
23.11,28.36,37.48
22.91,28.67,37.86
22.88,28.67,37.84
22,28.17,37.12
22.61,28.74,37.77
21.94,28.5,37.26
22.21,28.56,37.47
21.81,28.45,37.4
22.46,29.16,38.5
23.03,29.56,39.2
23.34,29.62,39.56
23.19,29.68,39.84
23.23,29.53,39.59
23.07,29.33,39.2
23.3,29.39,39.37
23.49,29.62,39.58
23.79,29.77,39.96
23.91,29.75,39.83
23.43,29.69,39.47
23.7,29.58,39.59
23.58,29.5,39.62
23.58,29.35,39.93
23.85,29.66,40.33
24,29.78,40.46
24.11,29.94,40.55
24.08,29.9,40.35
24.15,30.11,40.65
24.34,30.39,41.03
24.33,30.37,41.07
24.35,30.44,41.16
24.5,30.69,41.39
23.84,30.36,40.95
23.67,30.42,40.99
23.42,30.27,40.45
23.33,30.29,40.61
23.36,30.17,40.56
23.32,30.62,41.29
23.62,30.88,41.72
23.79,30.68,41.42
23.8,30.76,41.62
24.01,30.93,41.99
23.99,30.57,41.42
23.57,30.29,41.03
23.55,30.36,41.05
23.94,30.44,41.23
23.82,30.16,40.96
24.01,30.68,42.1
23.94,30.63,41.72
23.48,30.45,41.72
23.78,30.73,42.73
24.28,31.36,43.42
24.2,31.41,43.39
24.54,31.65,43.56
24.77,31.65,43.3
24.86,31.63,43.47
25.01,31.67,43.51
24.88,31.45,42.89
24.77,31.56,43.21
24.7,31.66,43.2
24.94,31.92,44.11
24.68,31.91,43.89
24.93,32.39,44.51
25.22,32.55,44.99
25.18,32.55,45.03
24.23,32.04,44.39
24.33,32.09,45.15
24.44,32.05,44.45
24.94,32.62,45.31
25.02,33.11,45.77
24.44,32.91,45.15
24.75,33.07,45.4
25.02,33.33,45.87
24.86,33.42,45.79
24.45,32.97,45.33
24.64,32.84,44.9
24.47,32.66,44.52
23.59,31.79,42.89
23.88,32.03,43.61
23.62,31.89,43.7
22.91,31.36,43.36
22.36,31.07,42.65
22.65,31.75,43.94
23.31,31.92,43.94
23.86,32.62,45.18
23.86,32.59,45.14
24.06,32.69,45.33
24.57,32.75,45.42
24.68,32.57,45.7
24.66,32.32,45.46
25.07,32.51,45.98
25.45,32.98,46.42
25.53,33.05,46.38
25.84,33.37,46.46
25.81,33.44,46.57
25.78,33.64,46.94
26.21,33.65,46.48
26.19,33.41,46.47
26.47,33.73,46.77
26.53,33.2,45.72
26,32.56,44.39
26.21,32.61,44.43
26.27,32.63,44.71
26.14,32.55,45
25.78,32.2,44.29
25.82,32.55,44.84
26.62,33.02,45.73
26.95,33.28,46.06
26.98,33.06,45.67
27.13,33.16,45.91
27.19,33.17,46.02
27.26,33.15,45.96
27.18,33.14,46.66
26.84,33.25,46.01
26.41,32.59,44.8
25.73,32.2,44.02
25.32,31.48,42.96
25.79,31.72,43.19
26.1,32.09,43.97
26.24,32.23,44.15
25.7,31.58,42.77
25.54,31.48,42.69
25.12,31.21,42.39
25.11,31.2,42.13
25.32,31.35,42.15
25.56,31.84,42.95
25.79,31.91,43
25.53,31.78,42.99
24.68,31.2,42.27
24.86,31.53,42.9
24.77,31.86,43.6
25.21,31.99,43.86
25.45,32.02,44.09
25.63,32.34,44.46
25.01,31.41,43.28
24.98,31.38,43.24
24.8,31.29,43.21
24.69,30.76,42.24
24.89,30.8,42.24
24.42,30.52,42.15
24.76,30.83,42.71
24.24,30.28,41.85
24.31,30.15,41.19
24.97,30.71,42.08
24.25,30.07,41.22
24.02,29.74,41.01
24.32,29.68,40.94
24.14,29.77,40.95
24.59,30.49,41.98
24.39,30.43,41.91
24.25,30.08,41.59
23.99,29.65,40.84
23.95,29.8,40.96
24.44,30.32,42.08
24.83,30.9,42.72
25.4,31.32,43.31
25.59,31.55,43.68
25.16,31.64,44.12
24.99,31.49,44.04
25.43,31.68,44.63
25.3,31.59,44.28
24.57,30.92,43.19
24.21,31.05,43.2
24.68,31.48,43.69
24.35,31.24,43.38
24.2,31.61,44.55
23.95,31.25,44.35
24.54,31.75,45.02
24.83,31.89,45.07
25.25,32.24,45.73
25.43,32.26,46.01
25.09,32.22,45.85
25.33,31.94,45.64
25.03,31.05,44.56
24.81,31.01,44.3
24.56,30.59,43.79
24.59,30.65,43.77
23.83,29.89,42.67
23.56,30.04,42.53
21.85,28.58,39.47
21.63,28.08,39.02
19.84,26.53,35.99
21.84,28.03,37.96
20.78,27.58,36.98
22.06,28.72,38.65
22.19,28.67,38.89
23.16,29.34,40.13
22.67,28.91,39.37
23.08,29.09,39.58
21.96,27.88,37.33
21.68,27.45,36.74
21.71,27.55,36.64
22.74,28.27,37.95
22.63,28.41,38.07
22.25,28.17,37.4
22.82,28.35,38.22
23.49,28.94,39.27
23.47,29.2,39.6
23.69,29.54,39.84
23.44,29.5,39.55
22.83,28.97,38.68
22.29,28.62,38.33
23.18,29.19,39.62
22.67,28.99,39.29
21.93,28.09,37.97
21.59,27.64,37.79
21.64,27.91,38
21.44,27.97,38.37
21.83,28.54,39.01
22.01,28.33,38.94
21.37,27.75,38.27
21.24,27.73,38.04
20.44,26.73,36.46
19.28,25.29,34.21
19.42,25.08,33.62
19.95,25.68,34.77
20.59,26.17,35.28
20.02,25.41,33.85
20.1,25.57,34.11
19.41,25.14,33.22
18.75,24.21,31.94
19.19,24.01,32.71
19.76,25.07,34.05
20.65,25.84,34.92
20.78,25.4,34.29
21.77,26.43,35.89
21.72,26.24,35.88
22.12,26.85,36.25
22.2,26.48,36.11
22.67,27.16,37.52
22.03,26.46,36.69
22.37,26.9,37.76
21.95,26.32,37.02
21.89,26.39,37.19
22.37,26.88,37.95
23.11,27.49,38.77
22.47,27,38.03
22.8,27.51,38.81
24.51,28.6,40.57
24.22,28.64,41
23.09,27.89,39.23
22.21,26.97,38
22.49,27.33,39.12
22.97,28.04,40.18
22.86,27.7,40.15
23.02,27.89,40.48
23.32,28.06,40.95
22.11,26.94,39.1
22.48,26.96,39.57
23.15,27.53,40.44
22.59,27.23,39.95
22.64,27.07,39.96
22.13,26.93,39.43
21.65,26.21,38.29
21.61,26.25,38.09
20.92,25.64,37.34
20.93,25.66,37.12
20.17,24.91,35.86
20.05,24.61,35.58
20.98,25.39,36.9
21.24,25.79,37.43
22.61,27.11,39.69
22.39,27.05,39.48
22.66,26.84,39.33
23.04,27.06,39.71
22.75,27.07,39.8
22.88,27.23,39.52
22.11,26.4,38.22
22.5,26.76,39.11
21.79,26.2,38.04
21.52,25.68,37.43
21.22,25.08,36.28
21.24,25.09,36.12
21.24,25.41,36.63
20.71,25.05,35.78
21.46,25.62,37.2
21.47,25.86,37.56
21.67,26.28,37.98
21.79,26.4,38.24
21.75,26.31,38.17
21.11,25.9,37.32
21.45,26.19,37.77
21.44,26.6,37.92
22.08,27.4,39.14
22.34,27.35,39.31
22.05,27.18,39.08
21.76,26.9,38.86
21.83,26.98,38.99
22.25,27.33,39.5
22.38,27.2,39.11
22.48,27.34,38.95
22.3,27.13,38.59
22.48,27.29,38.76
22.88,27.63,39.44
22.84,27.79,39.51
22.94,27.75,39.42
23.02,28.24,39.89
22.84,27.86,39.69
23.43,28.35,40.52
23.5,28.19,40.13
23.6,28.26,40.26
23.37,28.07,39.99
23.42,28.11,39.84
23.66,28.36,40.06
23.67,28.46,40.35
24.02,28.78,40.91
23.87,28.61,41.19
23.86,28.5,41.29
23.9,28.51,41.15
23.88,28.44,41.18
23.27,28,40.68
23.65,28.14,40.88
23.33,28.03,40.86
23.26,28.09,40.86
23.37,28.48,41.55
23.19,28.38,41.57
23.52,28.75,41.97
23.48,28.87,42.09
23.72,29,42.44
23.76,28.9,42.46
23.8,28.85,42.27
23.81,29.1,42.31
23.75,29.02,41.7
23.9,29.32,42.19
23.72,29.05,41.61
23.51,28.63,41.09
22.74,27.91,40.25
22.87,27.99,40.58
23.2,28.48,41.02
23.15,28.59,41.09
22.96,28.34,40.6
23.45,28.79,41.1
23.18,28.32,40.46
23.48,28.53,40.62
23.62,28.72,41.09
23.73,28.76,41.32
23.22,28.53,40.68
23.11,28.55,40.35
22.88,28.11,39.4
23.2,28.37,39.9
23.56,28.87,40.21
23.35,28.63,39.79
23.38,28.36,39.17
23.39,28.3,39.1
23.51,28.34,39.42
23.63,28.8,39.88
23.26,28.37,39.48
22.98,27.87,38.75
23.12,27.71,38.46
22.93,27.46,38
